date,freq_per_thousand
2015-01-01,0.5147058823529412
2015-01-02,0.87267173907115
2015-01-03,0.4633562437253842
2015-01-04,0.8641797493878727
2015-01-05,1.084530836131562
2015-01-06,1.0039453290122586
2015-01-07,1.1040661177880824
2015-01-08,2.3211154713200304
2015-01-09,1.2440050414941155
2015-01-10,0.6732873253661
2015-01-11,1.3550135501355014
2015-01-12,1.6791593816538855
2015-01-13,1.2996163782979724
2015-01-14,1.4761856520543584
2015-01-15,1.4637959212676757
2015-01-16,1.5977844056242012
2015-01-17,1.198681450404555
2015-01-18,0.8824366638200968
2015-01-19,1.4362038260469925
2015-01-20,1.607033133241953
2015-01-21,2.2399169591761474
2015-01-22,2.3562676720075397
2015-01-23,1.5650618572067372
2015-01-24,1.1830897044904827
2015-01-25,1.8166760172049905
2015-01-26,1.9102355403474967
2015-01-27,2.0454300785875765
2015-01-28,1.5696624531184886
2015-01-29,1.358152912039626
2015-01-30,0.9504060825989287
2015-01-31,0.6575659538651727
2015-02-01,0.7115295147916039
2015-02-02,1.6863113243628525
2015-02-03,1.5598715399908243
2015-02-04,0.8325485539587001
2015-02-05,1.3933361021422543
2015-02-06,1.370562076255741
2015-02-07,0.819090263747065
2015-02-08,0.7855018795937833
2015-02-09,1.4249551558230373
2015-02-10,1.9261306828206788
2015-02-11,1.729409648722312
2015-02-12,1.4296682640120726
2015-02-13,1.1786689665085526
2015-02-14,1.3948589484471519
2015-02-15,1.6768651447399388
2015-02-16,1.0484876060851847
2015-02-17,1.4245480744039822
2015-02-18,1.5122392447283621
2015-02-19,1.1876644847830486
2015-02-20,1.0953691826528111
2015-02-21,0.5273466927828838
2015-02-22,0.7059746372074781
2015-02-23,1.304818280185857
2015-02-24,1.7726947819871337
2015-02-25,1.617948441376335
2015-02-26,2.2415840527305964
2015-02-27,1.5996376042241758
2015-02-28,0.9101867112740154
2015-03-01,0.7306698676965633
2015-03-02,1.5100457782299084
2015-03-03,1.1963885758802497
2015-03-04,1.1594359209426484
2015-03-05,1.2274241627213747
2015-03-06,1.492154882662366
2015-03-07,1.2093169987906829
2015-03-08,1.2426219322771046
2015-03-09,1.3391253225332331
2015-03-10,1.0301051867972433
2015-03-11,1.4859246131824688
2015-03-12,1.2949431149988768
2015-03-13,1.5020051039008384
2015-03-14,1.0136847440446022
2015-03-15,1.038179033974409
2015-03-16,2.1051616635598123
2015-03-17,1.9244919907171563
2015-03-18,1.6549715344896068
2015-03-19,1.402959705378462
2015-03-20,1.8794583742685063
2015-03-21,1.2719275001324923
2015-03-22,1.1875141370730604
2015-03-23,1.80516848239169
2015-03-24,1.3539514002707902
2015-03-25,1.5594961214255945
2015-03-26,1.4840365794962296
2015-03-27,1.6546594037368945
2015-03-28,1.0687381070302113
2015-03-29,0.8121937352789885
2015-03-30,1.4675370679621478
2015-03-31,1.775851430463377
2015-04-01,1.47557712993353
2015-04-02,1.0751609157503905
2015-04-03,1.1962589719422896
2015-04-04,0.7420599584446423
2015-04-05,0.8893688657370645
2015-04-06,1.955671447196871
2015-04-07,1.9124055553813837
2015-04-08,2.1747009786154403
2015-04-09,1.1267370529566416
2015-04-10,1.5406205192348759
2015-04-11,1.1575031004547334
2015-04-12,0.9223090277777778
2015-04-13,2.140732751576952
2015-04-14,1.5029475281620264
2015-04-15,1.2850021887399918
2015-04-16,1.3693530803796965
2015-04-17,1.9307580067502839
2015-04-18,1.5117581187010078
2015-04-19,0.7698001480384901
2015-04-20,2.000235321802565
2015-04-21,1.8987341772151898
2015-04-22,3.1815271330238515
2015-04-23,1.7120495679112995
2015-04-24,1.5415724038519292
2015-04-25,1.6120081393197854
2015-04-26,1.013068584743187
2015-04-27,1.3985687979301182
2015-04-28,1.5664729386124228
2015-04-29,1.1016784395048929
2015-04-30,1.9687875150060024
2015-05-01,2.893518518518518
2015-05-02,2.08768267223382
2015-05-03,3.0272452068617555
2015-05-04,2.3942537909018355
2015-05-05,0.8618832148243912
2015-05-06,1.7509247842170161
2015-05-07,1.444903546350985
2015-05-08,1.7166666666666668
2015-05-09,0.849702604088569
2015-05-10,1.1127971674253918
2015-05-11,1.853009465976067
2015-05-12,1.7818959372772631
2015-05-13,1.2516149870801032
2015-05-14,0.9706070872630712
2015-05-15,1.2500732464792859
2015-05-16,1.4757606316255503
2015-05-17,1.071294659596122
2015-05-18,1.7502658631690888
2015-05-19,1.710717646052519
2015-05-20,2.4884127345946356
2015-05-21,2.11053211557498
2015-05-22,1.6674702667952428
2015-05-23,1.7622086348223105
2015-05-24,1.1888357515333279
2015-05-25,1.7432791999265989
2015-05-26,1.430212656209702
2015-05-27,1.6175570516743902
2015-05-28,1.445792548307055
2015-05-29,1.3402018679063534
2015-05-30,1.8661358546902216
2015-05-31,0.8297279677591418
2015-06-01,1.199040767386091
2015-06-02,4.1101520756267975
2015-06-03,1.592863969417012
2015-06-04,2.5621316935690492
2015-06-05,1.1973180076628351
2015-06-06,0.9755683746182559
2015-06-07,1.5126573831027272
2015-06-08,1.6702962132904835
2015-06-09,1.1925185154190552
2015-06-10,1.574803149606299
2015-06-11,2.2085797709066406
2015-06-12,1.0852427462784364
2015-06-13,0.7771301693033583
2015-06-14,1.2364926616848557
2015-06-15,1.8120455729461598
2015-06-16,2.3236207357446896
2015-06-17,2.1872807560562917
2015-06-18,4.537091617098048
2015-06-19,2.697207353002199
2015-06-20,3.04244359430069
2015-06-21,1.7806607523291678
2015-06-22,2.371970736168267
2015-06-23,2.9374012638230647
2015-06-24,2.439246797063785
2015-06-25,2.131715415991965
2015-06-26,1.5016975711674065
2015-06-27,0.7348663461832879
2015-06-28,1.084181443010527
2015-06-29,1.4691029290239646
2015-06-30,1.1557353366079168
2015-07-01,1.7964071856287425
2015-07-02,0.5652911249293385
2015-07-03,2.4529844644317254
2015-07-05,4.087193460490463
2015-07-06,1.627780792186652
2015-07-07,3.6991368680641186
2015-07-08,0.39984006397441024
2015-07-09,2.7472527472527473
2015-07-10,1.7869907076483202
2015-07-11,0.7140307033202428
2015-07-12,2.7232056020229525
2015-07-13,1.8689797287583265
2015-07-14,1.8983147979011086
2015-07-15,1.5651385971415628
2015-07-16,1.4695324418917706
2015-07-17,1.392703779643313
2015-07-18,0.9330929911992366
2015-07-19,1.178589695123307
2015-07-20,1.1414889470460494
2015-07-21,2.1190930281839373
2015-07-22,2.071381046235736
2015-07-23,1.8509949097639982
2015-07-24,1.4047454856588257
2015-07-25,1.1063476697552206
2015-07-26,0.8502228962728066
2015-07-27,2.3607992169056256
2015-07-28,1.4978146638511025
2015-07-29,1.3388537611664904
2015-07-30,1.2984646225340561
2015-07-31,1.3828100222010784
2015-08-01,0.9919322840894061
2015-08-02,1.3570935949631804
2015-08-03,3.6941741292817203
2015-08-04,2.390388123545323
2015-08-05,1.5604712384900357
2015-08-06,1.0032949116986467
2015-08-07,1.2881467081996394
2015-08-08,0.8928372134550568
2015-08-09,1.2104049147007103
2015-08-10,2.013709777526447
2015-08-11,1.7599347038718562
2015-08-12,1.2908400486258191
2015-08-13,1.2070426294959435
2015-08-14,1.545100964356119
2015-08-15,0.7656804985430801
2015-08-16,0.8564814814814815
2015-08-17,1.0353435071197594
2015-08-18,1.6338986712757912
2015-08-19,1.0117088436842387
2015-08-20,1.2467889809649717
2015-08-21,1.3244867613799653
2015-08-22,0.7101957477029606
2015-08-23,0.7665599494972268
2015-08-24,1.6667366976203482
2015-08-25,1.554858934169279
2015-08-26,1.446572460129594
2015-08-27,1.1353927784522686
2015-08-28,1.0147578361855127
2015-08-29,1.001669449081803
2015-08-30,0.9298317231369347
2015-08-31,2.0752078887335346
2015-09-01,2.246204040657548
2015-09-02,2.1275595364036013
2015-09-03,1.3924851832671616
2015-09-04,1.0950530077857064
2015-09-05,1.030701754385965
2015-09-06,0.49379232505643345
2015-09-07,1.2408132098883269
2015-09-08,1.4861228260432984
2015-09-09,1.3296933468263867
2015-09-10,1.4324273131925371
2015-09-11,1.5975758075488034
2015-09-12,1.2267084029525601
2015-09-13,0.8152427094009131
2015-09-14,1.9706483555490275
2015-09-15,2.3853448174564935
2015-09-16,2.163717640339605
2015-09-17,1.7257087732461547
2015-09-18,2.4130520907115502
2015-09-19,1.0684226592821944
2015-09-20,1.1072754510519118
2015-09-21,1.8915869959091582
2015-09-22,3.2528927108189634
2015-09-23,3.361249434133092
2015-09-24,2.9523407844791225
2015-09-25,3.2130209432679004
2015-09-26,1.7028885246599543
2015-09-27,1.7025862068965518
2015-09-28,2.7102771402539587
2015-09-29,2.1783376423345615
2015-09-30,1.774853358152421
2015-10-01,1.8096470639847333
2015-10-02,1.8819815444390482
2015-10-03,0.8747925171593917
2015-10-04,0.7371233760250622
2015-10-05,1.6259790225804973
2015-10-06,1.5375900299425427
2015-10-07,1.7586669304667062
2015-10-08,2.0683127475840473
2015-10-09,1.5742088522292306
2015-10-10,1.0174157639595427
2015-10-11,0.7517854905400325
2015-10-12,1.6305166956688544
2015-10-13,1.3699107236147068
2015-10-14,2.266032177656923
2015-10-15,1.7334360554699537
2015-10-16,1.570134504529234
2015-10-17,1.007944978062374
2015-10-18,1.1876736442493265
2015-10-19,2.0721424358831313
2015-10-20,2.0709883271567016
2015-10-21,1.854495066834752
2015-10-22,1.465818363273453
2015-10-23,1.7451205510907004
2015-10-24,0.8975911159353734
2015-10-25,0.9763241396143519
2015-10-26,2.0828451664974357
2015-10-27,1.4767438307753415
2015-10-28,1.5055581908552806
2015-10-29,1.8873765466002257
2015-10-30,1.3229474356488715
2015-10-31,0.8556922550343228
2015-11-01,1.0972331437558291
2015-11-02,1.4465088154041332
2015-11-03,1.8050736621377692
2015-11-04,2.2809351834252043
2015-11-05,2.2873882640930203
2015-11-06,3.647099687391455
2015-11-07,1.915976449456142
2015-11-08,1.125849504626218
2015-11-09,2.481359247035815
2015-11-10,2.765665599803727
2015-11-11,1.8107842260574087
2015-11-12,2.254006834730402
2015-11-13,1.8819748629790232
2015-11-14,1.4453971912416743
2015-11-15,2.397927505513092
2015-11-16,2.6953526318970207
2015-11-17,2.172631395069546
2015-11-18,2.4389011044557334
2015-11-19,4.227517294388932
2015-11-20,1.2406947890818858
2015-11-21,1.7035775127768313
2015-11-22,2.135231316725979
2015-11-23,5.151259717149012
2015-11-24,4.493901134175048
2015-11-25,2.715546503733876
2015-11-26,2.691119306289245
2015-11-27,3.128070976760924
2015-11-28,3.3045914124392697
2015-11-29,5.072374118520352
2015-11-30,8.529405180326401
2015-12-01,5.9910408201263925
2015-12-02,3.801838437751514
2015-12-03,3.4879881119458434
2015-12-04,3.5225718194254445
2015-12-05,2.95139615690543
2015-12-06,2.9581453896989403
2015-12-07,4.570772035866823
2015-12-08,4.10371627043261
2015-12-09,3.3378126490094933
2015-12-10,2.8308635666836994
2015-12-11,2.370073023871546
2015-12-12,5.61646986658488
2015-12-13,5.453054530545305
2015-12-14,3.8818674232654113
2015-12-15,2.569027611044418
2015-12-16,2.031400261488757
2015-12-17,1.9672937415467846
2015-12-18,1.9837034991023115
2015-12-19,1.4766422051190264
2015-12-20,1.2270506795082536
2015-12-21,1.9289340101522843
2015-12-22,1.4172879604340445
2015-12-23,1.4201148050705572
2015-12-24,0.6716480564184367
2015-12-25,0.8725311334972634
2015-12-26,1.2083549110996028
2015-12-27,1.0059494725950622
2015-12-28,1.197535394896954
2015-12-29,1.1423879478071506
2015-12-30,1.1261261261261262
2015-12-31,0.7008338125359402
2016-01-01,0.9248822220295384
2016-01-04,1.6
2016-01-05,1.2690355329949237
2016-01-06,1.483679525222552
2016-01-08,1.3623978201634876
2016-01-11,1.1655011655011656
2016-01-12,3.5294117647058827
2016-01-13,4.314994606256742
2016-01-15,1.9801980198019802
2016-01-16,2.949852507374631
2016-01-18,1.6420361247947455
2016-01-19,1.402524544179523
2016-01-20,2.4691358024691357
2016-01-21,3.3370411568409346
2016-01-22,1.088139281828074
2016-01-23,2.092050209205021
2016-01-24,2.08768267223382
2016-01-25,5.973715651135007
2016-01-26,4.4296788482834994
2016-01-27,6.029285099052541
2016-01-28,1.7482517482517483
2016-01-29,0.8605851979345955
2016-01-30,1.8281535648994516
2016-01-31,1.550387596899225
2016-02-01,2.8169014084507045
2016-02-02,1.8416206261510129
2016-02-03,3.0120481927710845
2016-02-04,1.379310344827586
2016-02-06,1.4771048744460857
2016-02-07,1.3550135501355014
2016-02-09,3.073140749846343
2016-02-10,1.6318537859007831
2016-02-11,2.545338848234171
2016-02-12,1.2614011255579274
2016-02-13,0.8589064228731148
2016-02-14,0.5887597355627702
2016-02-15,1.199243954897999
2016-02-16,1.3116187561482129
2016-02-17,1.3449162167008706
2016-02-18,1.3866820742452695
2016-02-19,0.9107468123861566
2016-02-20,0.6421879721970384
2016-02-21,0.5502603910779208
2016-02-22,1.1829191164414044
2016-02-23,1.4005862056171854
2016-02-24,0.9637074141929745
2016-02-27,2.0202020202020203
2016-02-29,3.72093023255814
2016-03-01,2.1929824561403506
2016-03-02,2.444987775061125
2016-03-03,4.040404040404041
2016-03-05,9.933774834437086
2016-03-08,0.9165902841429882
2016-03-10,8.205128205128204
2016-03-11,3.51493848857645
2016-03-14,4.739336492890995
2016-03-15,1.215066828675577
2016-03-16,3.813155386081983
2016-03-17,2.8169014084507045
2016-03-18,1.8050541516245489
2016-03-19,5.714285714285714
2016-03-20,2.1186440677966103
2016-03-21,1.027749229188078
2016-03-22,2.1231422505307855
2016-03-23,12.512030798845043
2016-03-24,4.065040650406504
2016-03-25,0.7849293563579278
2016-03-27,8.032128514056224
2016-03-28,9.966777408637872
2016-03-29,2.8735632183908044
2016-03-30,3.0840400925212026
2016-03-31,2.8429282160625444
2016-04-01,3.1570639305445933
2016-04-02,10.92896174863388
2016-04-03,2.824858757062147
2016-04-04,3.53045013239188
2016-04-05,3.2414910858995136
2016-04-06,0.7698229407236336
2016-04-07,2.086230876216968
2016-04-08,2.225519287833828
2016-04-10,1.358695652173913
2016-04-11,2.722940776038121
2016-04-12,0.684931506849315
2016-04-13,1.7730496453900708
2016-04-14,2.824858757062147
2016-04-15,2.4342745861733204
2016-04-16,3.568242640499554
2016-04-17,1.452081316553727
2016-04-18,1.5591410550187805
2016-04-19,1.816441727377488
2016-04-20,1.97451976504207
2016-04-21,1.8647106092761627
2016-04-22,3.940084304597132
2016-04-23,1.9054182798532422
2016-04-24,1.074838247381399
2016-04-25,1.8456375838926173
2016-04-26,1.8300029552842756
2016-04-27,1.566203418499995
2016-04-28,1.6057580594886134
2016-04-29,1.1935020444247983
2016-04-30,0.7228115415421281
2016-05-01,0.807067291962046
2016-05-02,1.3500400793148546
2016-05-03,1.87941473259334
2016-05-04,1.918195960092167
2016-05-05,1.4300377114783591
2016-05-06,1.6344009730387188
2016-05-07,0.9351123275173908
2016-05-08,1.4287658184787047
2016-05-09,1.7896439271416071
2016-05-10,1.3888744934235757
2016-05-11,1.336925683260874
2016-05-12,1.2374845314433571
2016-05-13,1.4640476480961835
2016-05-14,0.7241878750258639
2016-05-15,1.3032795641491295
2016-05-16,1.4482811189877276
2016-05-17,1.6644897298671877
2016-05-18,1.341259281514228
2016-05-19,1.2315803120003457
2016-05-20,1.3078072797608582
2016-05-21,1.390422443054022
2016-05-22,1.055107379157233
2016-05-23,2.0392728844231964
2016-05-24,1.695567473965223
2016-05-25,1.6139125852244656
2016-05-26,1.6376572648910628
2016-05-27,1.8860224778585373
2016-05-28,1.1380032107947735
2016-05-29,1.4854621316381589
2016-05-30,1.6930749553727527
2016-05-31,1.5712449194250024
2016-06-01,1.3468013468013469
2016-06-02,2.9182879377431905
2016-06-03,3.968253968253968
2016-06-05,4.17536534446764
2016-06-06,1.0224948875255624
2016-06-07,2.629272567922875
2016-06-08,1.4275517487508922
2016-06-09,3.2
2016-06-10,5.401755570560432
2016-06-12,4.065040650406504
2016-06-13,1.7064846416382253
2016-06-14,2.2404779686333085
2016-06-15,1.379310344827586
2016-06-16,1.3477088948787064
2016-06-17,3.4411562284927735
2016-06-20,0.7147962830593281
2016-06-24,1.875293014533521
2016-06-25,2.577319587628866
2016-06-27,0.6234413965087282
2016-06-28,2.5157232704402515
2016-06-29,3.2279757901815733
2016-06-30,2.2821219428177746
2016-07-01,1.3600517697125245
2016-07-02,0.9482667790538405
2016-07-03,0.8625777454941663
2016-07-04,1.125703564727955
2016-07-05,1.1957704658130568
2016-07-06,1.3642401541352034
2016-07-07,1.0327941142339916
2016-07-08,0.8559864020445846
2016-07-09,0.5990548246100598
2016-07-10,0.7812679519290425
2016-07-11,1.5061271992880125
2016-07-12,1.6819217784494631
2016-07-13,1.4070094653364031
2016-07-14,1.7237664296487825
2016-07-15,1.6400207383267558
2016-07-16,0.685606547542529
2016-07-17,0.6163917701071246
2016-07-18,1.2691762676360052
2016-07-19,1.353637901861252
2016-07-20,1.4975197329423144
2016-07-21,1.1465622899616494
2016-07-22,1.2279983626688498
2016-07-23,0.9643976532990436
2016-07-24,1.260060157710755
2016-07-25,1.6586960469762093
2016-07-26,1.410544361620173
2016-07-27,1.4860717199580402
2016-07-28,1.845369241609162
2016-07-29,1.3386631960583806
2016-07-30,0.7661895859511477
2016-07-31,0.8804883775534162
2016-08-01,1.034445858055004
2016-08-02,1.157794222964908
2016-08-03,1.0421976777116964
2016-08-04,0.9541681244235234
2016-08-05,0.9874676939581606
2016-08-06,0.6603565925599824
2016-08-07,1.0919891674674587
2016-08-08,1.252782109205283
2016-08-09,1.0013554934118136
2016-08-10,1.310523146672334
2016-08-11,1.0890667171741086
2016-08-12,0.8106270592542232
2016-08-13,0.5850487540628385
2016-08-14,0.6683449551094972
2016-08-15,1.1099503786889529
2016-08-16,1.2157931530582264
2016-08-17,1.271195570206623
2016-08-18,0.9746066765912328
2016-08-19,0.9891636565712697
2016-08-20,0.6807616750627273
2016-08-21,0.7694488316526951
2016-08-22,1.1695605793823178
2016-08-23,1.616805192938753
2016-08-24,1.194717866847108
2016-08-25,1.2328621532575195
2016-08-26,1.1389389273054797
2016-08-27,0.6976935073463022
2016-08-28,0.6073044060981739
2016-08-29,1.130522801067424
2016-08-30,1.254719076171441
2016-08-31,1.4813740521277918
2016-09-01,1.8560791927122224
2016-09-02,0.9835428127037134
2016-09-03,1.745166088249876
2016-09-04,1.0637618875390933
2016-09-05,1.2679697663312859
2016-09-06,1.3400452119601949
2016-09-07,1.4050791007493755
2016-09-08,1.412609501760857
2016-09-09,1.264764293927041
2016-09-10,0.5995495276521965
2016-09-11,0.4448319424921265
2016-09-12,1.2952477017950068
2016-09-13,0.9620059375420231
2016-09-14,1.2984713450982708
2016-09-15,1.8289445220161653
2016-09-16,1.344285200160891
2016-09-17,0.725561329542112
2016-09-18,0.8348794063079777
2016-09-19,1.4304689894758353
2016-09-20,1.402510593431078
2016-09-21,1.7209740142431993
2016-09-22,1.3715200060956443
2016-09-23,1.2702937166935184
2016-09-24,1.0949704357982335
2016-09-25,1.3071895424836601
2016-09-26,1.5131413032751833
2016-09-27,2.39229700218384
2016-09-28,1.6112070545784332
2016-09-29,1.6511530854789251
2016-09-30,1.2736976178696617
2016-10-01,0.9416195856873822
2016-10-04,2.331002331002331
2016-10-05,5.543237250554324
2016-10-06,4.9800796812749
2016-10-07,4.11946446961895
2016-10-09,4.7281323877068555
2016-10-10,3.5842293906810037
2016-10-11,4.319654427645789
2016-10-12,2.100840336134454
2016-10-13,1.941747572815534
2016-10-14,3.4965034965034967
2016-10-15,10.91703056768559
2016-10-16,2.1459227467811157
2016-10-17,6.097560975609756
2016-10-18,2.0964360587002098
2016-10-19,5.813953488372093
2016-10-20,0.7283321194464676
2016-10-25,1.04384133611691
2016-10-26,5.877413937867338
2016-10-27,2.527379949452401
2016-10-28,6.5359477124183005
2016-10-29,4.601226993865031
2016-10-31,0.835421888053467
2016-11-01,1.6501650165016502
2016-11-02,9.308510638297872
2016-11-03,13.3630289532294
2016-11-04,1.4771048744460857
2016-11-06,3.115264797507788
2016-11-07,6.546644844517186
2016-11-08,0.8643042350907519
2016-11-09,5.490734385724091
2016-11-10,5.829015544041451
2016-11-11,5.303476723629935
2016-11-12,4.189944134078212
2016-11-13,2.941176470588235
2016-11-14,7.547169811320755
2016-11-15,1.3175230566534915
2016-11-16,2.4691358024691357
2016-11-17,1.0695187165775402
2016-11-18,2.0418580908626853
2016-11-20,6.289308176100629
2016-11-21,7.000538502961766
2016-11-22,1.5337423312883436
2016-11-23,7.1283095723014265
2016-11-25,4.878048780487805
2016-11-26,1.1695906432748537
2016-11-28,2.4834437086092715
2016-11-29,3.600550672455787
2016-11-30,1.5824349718128772
2016-12-01,1.8604330674751512
2016-12-02,1.599352161149914
2016-12-03,1.272168002126609
2016-12-04,1.1955955801531133
2016-12-05,1.7626802077861436
2016-12-06,1.930266354569961
2016-12-07,2.1809022587184894
2016-12-08,2.632931575248345
2016-12-09,2.1156720708290213
2016-12-10,1.717988865692415
2016-12-11,1.4969380811975503
2016-12-12,2.129911536803042
2016-12-13,2.825256275641095
2016-12-14,2.44248429450601
2016-12-15,1.5352720345156048
2016-12-16,1.3383922103117594
2016-12-17,0.9848027037310594
2016-12-18,1.136284581313916
2016-12-19,1.4700909986328154
2016-12-20,1.6725591514821865
2016-12-21,1.45877961914024
2016-12-22,1.399813358218904
2016-12-23,1.025465732353444
2016-12-24,0.5492123139181962
2016-12-25,0.6130033332056243
2016-12-26,1.0452401372212694
2016-12-27,1.0772907117953539
2016-12-28,1.1861405325938053
2016-12-29,1.0992563853863564
2016-12-30,0.8019902451798749
2016-12-31,0.5661231884057971
2017-01-02,7.792207792207792
2017-01-03,1.6611295681063123
2017-01-05,3.1446540880503147
2017-01-06,4.179728317659353
2017-01-08,5.565862708719852
2017-01-11,2.0761245674740487
2017-01-12,6.661732050333087
2017-01-13,1.4367816091954022
2017-01-16,5.0864699898270604
2017-01-17,2.7027027027027026
2017-01-18,4.901960784313726
2017-01-19,2.852253280091272
2017-01-20,4.3397396156230625
2017-01-21,3.745318352059925
2017-01-22,3.7313432835820897
2017-01-23,0.6273525721455457
2017-01-24,1.6339869281045751
2017-01-25,3.246753246753247
2017-01-26,4.452359750667854
2017-01-27,0.4750593824228028
2017-01-28,1.0822510822510822
2017-01-30,1.9362186788154896
2017-01-31,1.4082419211384525
2017-02-01,1.4937759336099585
2017-02-02,1.4747191011235956
2017-02-03,1.164313782564401
2017-02-04,0.2920134326179004
2017-02-05,1.1330311916822182
2017-02-06,1.4702729194106656
2017-02-07,1.630730204747237
2017-02-08,0.936768149882904
2017-02-09,2.433830240340736
2017-02-10,1.6346546791990193
2017-02-11,1.9814052735863437
2017-02-12,0.7569818054016059
2017-02-13,1.5398502628365103
2017-02-14,1.6367887763055338
2017-02-15,1.222442941086585
2017-02-16,1.2117165572412427
2017-02-17,1.3900890408385618
2017-02-18,0.9524545009910675
2017-02-19,0.5633591226620597
2017-02-20,1.7946360323034487
2017-02-21,0.4787208578677773
2017-02-22,2.3285899094437257
2017-02-23,1.7156337122024448
2017-02-24,1.5842368434080896
2017-02-25,1.0194199500484225
2017-02-26,1.5795519816197587
2017-02-27,1.4712539610683566
2017-02-28,0.9265108443882923
2017-03-01,1.6112342941611235
2017-03-02,1.4387503425596053
2017-03-03,1.0842123197497018
2017-03-04,0.9638131954788399
2017-03-05,0.5955588327046879
2017-03-06,0.9150574277420169
2017-03-07,1.121134692600511
2017-03-08,1.298836659263832
2017-03-09,1.8965634724146547
2017-03-10,1.5331664580725908
2017-03-11,0.7852590441753867
2017-03-12,0.8238699621465152
2017-03-13,1.549968016532992
2017-03-14,1.7055005460055703
2017-03-15,1.9808379987280933
2017-03-16,2.045180969298912
2017-03-17,1.645484949832776
2017-03-18,0.9187675070028011
2017-03-19,0.9917057338622429
2017-03-20,1.5365099783816618
2017-03-21,1.0547691337092386
2017-03-22,1.2437701230538527
2017-03-23,1.261529741934894
2017-03-24,1.3909912858487092
2017-03-25,1.487478817548484
2017-03-26,0.7641365257259297
2017-03-27,1.5383718897500145
2017-03-28,3.364580694198125
2017-03-29,2.9480290999001473
2017-03-30,2.073868379658515
2017-03-31,1.593594527363184
2017-04-01,1.381819453918945
2017-04-02,1.3703323055841041
2017-04-03,1.2817282517007549
2017-04-04,1.0894770510155125
2017-04-05,1.3448880892791935
2017-04-06,1.3119084305524982
2017-04-07,0.9007282483710234
2017-04-08,0.7602277147201302
2017-04-09,0.9634787034848843
2017-04-10,1.5690027374090314
2017-04-11,1.0359116022099446
2017-04-12,1.0126533446493327
2017-04-13,1.3803964265230535
2017-04-14,1.2618143434318922
2017-04-15,0.798833702793921
2017-04-16,0.7137309234418625
2017-04-17,1.1900897976847342
2017-04-18,1.4601283756433239
2017-04-19,1.6594847345741266
2017-04-20,1.6000431472309367
2017-04-21,1.8624910078145787
2017-04-22,2.5647876035265833
2017-04-23,1.2681725449833667
2017-04-24,2.147356888523692
2017-04-25,1.3012105200899018
2017-04-26,1.4281685784719504
2017-04-27,1.5117729317056576
2017-04-28,1.6145618098469048
2017-04-29,2.199890005499725
2017-04-30,1.1348590883298657
2017-05-01,1.6930230275668314
2017-05-02,1.7780194954608208
2017-05-03,1.2337111573752795
2017-05-04,1.2663856772746607
2017-05-05,1.279756950224738
2017-05-06,0.9022013713460845
2017-05-07,1.008206803379509
2017-05-08,1.4746328047281878
2017-05-09,1.4278121124323873
2017-05-10,1.486308246549993
2017-05-11,1.261309577014371
2017-05-12,1.2177145420752418
2017-05-13,0.44373275712384
2017-05-14,0.8100361400739418
2017-05-15,1.2563558568702515
2017-05-16,1.5107890040835095
2017-05-17,1.251705705520843
2017-05-18,1.5403479970409104
2017-05-19,1.1381692378773707
2017-05-20,1.035940803382664
2017-05-21,0.9110362507680247
2017-05-22,1.4417678881290192
2017-05-23,1.6322332528396386
2017-05-24,1.5287204284753997
2017-05-25,1.3048045557582792
2017-05-26,1.6130025241642554
2017-05-27,1.4001739610072765
2017-05-28,1.1449709353531796
2017-05-29,1.2629785734216439
2017-05-30,1.7952307831270888
2017-05-31,3.737292697045711
2017-06-01,7.469796867258661
2017-06-02,11.561058816097036
2017-06-03,3.5220274285264543
2017-06-04,2.384721749063145
2017-06-05,4.439246760065873
2017-06-06,3.3569991346865584
2017-06-07,2.656527750345645
2017-06-08,2.2762514412945807
2017-06-09,1.9510777629025395
2017-06-10,1.2591485008263164
2017-06-11,1.8350120295233046
2017-06-12,2.012795629358062
2017-06-13,1.6673970435767804
2017-06-14,1.5255607193372398
2017-06-15,1.190771520714463
2017-06-16,1.3220489591573563
2017-06-17,1.1740288056353383
2017-06-18,1.0065205023850161
2017-06-19,1.7094227316329291
2017-06-20,1.9166214284922947
2017-06-21,1.7290207184379192
2017-06-22,1.318982269253617
2017-06-23,1.1995025915858746
2017-06-24,0.8169763495820851
2017-06-25,0.8914593842407375
2017-06-26,1.8223757152506086
2017-06-27,1.9120458891013383
2017-06-28,1.4534563632760025
2017-06-29,2.0725945017182132
2017-06-30,1.9353087643525566
2017-07-01,0.7932660526199814
2017-07-02,1.0733870026834675
2017-07-03,1.0862649555407273
2017-07-04,1.1922954205780114
2017-07-05,1.5978140051871064
2017-07-06,1.6380192898324264
2017-07-07,2.0368782161234993
2017-07-08,1.5893059305059654
2017-07-09,0.950213245530683
2017-07-10,1.7008555818987734
2017-07-11,1.5640295702856886
2017-07-12,1.5896734810669888
2017-07-13,1.7550994199610452
2017-07-14,1.5912410492690978
2017-07-15,1.0263577402659794
2017-07-16,1.0670697819176131
2017-07-17,1.7496703519626737
2017-07-18,1.6731163214204416
2017-07-19,1.218912387999059
2017-07-20,1.6693322670931627
2017-07-21,1.2709500092996342
2017-07-22,1.0902396740004645
2017-07-23,0.9095560229662897
2017-07-24,1.1906677393403056
2017-07-25,1.4644454272937244
2017-07-26,1.39870236516058
2017-07-27,1.2223879044283386
2017-07-28,0.9189020098537578
2017-07-29,0.907786996859057
2017-07-30,0.7444394008170676
2017-07-31,1.146714554620394
2017-08-01,1.029056277728698
2017-08-02,1.0554331864904551
2017-08-03,1.069846976805367
2017-08-04,1.1902051292666267
2017-08-05,0.911473168508602
2017-08-06,0.4477670054121403
2017-08-07,1.1280056170075623
2017-08-08,1.8016385852607846
2017-08-09,1.1958710976837865
2017-08-10,1.5722543352601157
2017-08-11,1.250642971689074
2017-08-12,0.7294611106045409
2017-08-13,0.4892899858649559
2017-08-14,1.2408822133022575
2017-08-15,1.0711016767609884
2017-08-16,0.8425487098472881
2017-08-17,1.0061742510862108
2017-08-18,0.8829047566493764
2017-08-19,0.6564910553093714
2017-08-20,0.6598420149689874
2017-08-21,1.3855532976168483
2017-08-22,1.0324981343474304
2017-08-23,1.4090821751104847
2017-08-24,1.3692688444561623
2017-08-25,1.2201708239153481
2017-08-26,0.7464452819196388
2017-08-27,0.6425791290298891
2017-08-28,1.5896129110544837
2017-08-29,1.9311266297142977
2017-08-30,1.4313216707123126
2017-08-31,1.4451792296645902
2017-09-01,1.5160069422662736
2017-09-02,0.8349236641221374
2017-09-03,0.6619091943324025
2017-09-04,1.073752363857816
2017-09-05,1.5148585057693549
2017-09-06,1.5446431190059537
2017-09-07,1.8705076956674482
2017-09-08,2.18854867957563
2017-09-09,1.4696966913453235
2017-09-10,1.0196050372066399
2017-09-11,2.580968353189728
2017-09-12,1.8523854608323385
2017-09-13,1.5255718832978742
2017-09-14,1.6168148746968471
2017-09-15,1.3627254509018036
2017-09-16,1.2351025776751199
2017-09-17,0.9766563130423644
2017-09-18,1.9052470708099847
2017-09-19,2.0186161264999436
2017-09-20,2.1696182882946444
2017-09-21,1.663036306613281
2017-09-22,1.4291975532137888
2017-09-23,1.2284162081732932
2017-09-24,1.1843594879386918
2017-09-25,1.2515393934539483
2017-09-26,1.2193986782090664
2017-09-27,1.0840301040491191
2017-09-28,1.15103109541257
2017-09-29,1.232653768742597
2017-09-30,0.6371281901918666
2017-10-01,0.7548892243952109
2017-10-02,0.9077899053762523
2017-10-03,1.4775105840902418
2017-10-04,1.444636678200692
2017-10-05,1.2849982441017782
2017-10-06,1.280107492714282
2017-10-07,0.5629605099759913
2017-10-08,1.0526679091599365
2017-10-09,1.8780761592263189
2017-10-10,1.7939157141381221
2017-10-11,1.629492054036059
2017-10-12,1.2839735966771797
2017-10-13,1.1525546782829657
2017-10-14,0.6811989100817438
2017-10-15,0.9828772438052867
2017-10-16,1.5809952056833698
2017-10-17,1.4505671193135148
2017-10-18,1.2356679331562488
2017-10-19,1.4249287535623218
2017-10-20,1.0396484098105003
2017-10-21,0.5698310094912478
2017-10-22,1.098782333021111
2017-10-23,1.286607033451783
2017-10-24,1.5467541598312633
2017-10-25,1.5089969556863743
2017-10-26,1.3713473064030068
2017-10-27,1.2942150490564601
2017-10-28,0.722008945866939
2017-10-29,0.9105146228648432
2017-10-30,1.3685695795626942
2017-10-31,1.4317113992458308
2017-11-01,1.7128755987806648
2017-11-02,1.1544347296922401
2017-11-03,1.2829350490196079
2017-11-04,1.1188185276348177
2017-11-05,0.8560577761175445
2017-11-06,1.904912304943889
2017-11-07,1.6933018470719607
2017-11-08,1.3740637096368786
2017-11-09,1.3244058568170114
2017-11-10,1.3493156381985714
2017-11-11,0.8465101421498163
2017-11-12,1.0623106126571698
2017-11-13,2.4626865671641793
2017-11-14,1.787214094575854
2017-11-15,1.613845682962798
2017-11-16,1.9456642033486844
2017-11-17,1.5453022810655608
2017-11-18,0.9510745313214449
2017-11-19,0.8078910286519493
2017-11-20,1.4683153013910355
2017-11-21,1.1182076441077509
2017-11-22,1.0919617195306626
2017-11-23,1.0301937673277077
2017-11-24,0.887259821675321
2017-11-25,0.6692428919928326
2017-11-26,0.6508913011527075
2017-11-27,1.2193019188609995
2017-11-28,1.1394356442279765
2017-11-29,1.5690868960323023
2017-11-30,1.148741926057296
2017-12-01,1.4091794832274613
2017-12-02,0.5386856071186306
2017-12-03,0.5864414731409805
2017-12-04,1.3614840175791612
2017-12-05,1.398998199890428
2017-12-06,1.1215452401085941
2017-12-07,1.2266816897313113
2017-12-08,1.0639765137036234
2017-12-09,1.1585780752891848
2017-12-10,0.8534365043240784
2017-12-11,2.158884986241303
2017-12-12,2.228155047473754
2017-12-13,1.6797421158924966
2017-12-14,1.2051393976200868
2017-12-15,1.4237024893222314
2017-12-16,0.6573986349310699
2017-12-17,0.8005912058135238
2017-12-18,1.5631252501000399
2017-12-19,1.7085473860387272
2017-12-20,1.155590441304727
2017-12-21,1.2356811274755368
2017-12-22,1.1416168677415717
2017-12-23,0.6505878525953808
2017-12-24,0.5776530780656874
2017-12-25,0.4252755431123082
2017-12-26,0.4732263113829129
2017-12-27,1.165093790050099
2017-12-28,1.0691851917850936
2017-12-29,2.037553681702768
2017-12-30,0.818744431333831
2017-12-31,1.0437596221590169
2018-01-01,0.925093151740974
2018-01-02,1.2751616722834502
2018-01-03,1.1893137033976815
2018-01-04,1.3869948832709769
2018-01-05,1.4575311850943145
2018-01-06,0.7975978230271182
2018-01-07,0.9286855859358127
2018-01-08,1.1171284940622193
2018-01-09,1.3889348192731241
2018-01-10,1.9109338650714522
2018-01-11,1.3897753711214973
2018-01-12,1.0432190760059612
2018-01-13,0.7725832012678289
2018-01-14,0.7476480239247367
2018-01-15,0.9372458754289967
2018-01-16,1.1256868361512655
2018-01-17,1.592292498085218
2018-01-18,1.4413036444392153
2018-01-19,0.9714730972788634
2018-01-20,0.4749591007441026
2018-01-21,1.0568341944574917
2018-01-22,1.4824325901715887
2018-01-23,1.7327136333985649
2018-01-24,1.3665771542703147
2018-01-25,1.7808851658861553
2018-01-26,1.4769819641779867
2018-01-27,0.6210612841355375
2018-01-28,0.8943377242831324
2018-01-29,1.6675987594692157
2018-01-30,1.526189996256515
2018-01-31,1.4735207439956237
2018-02-01,1.238039652641446
2018-02-02,1.0056639754086696
2018-02-03,0.6904732397358497
2018-02-04,1.000277854959711
2018-02-05,1.0239723299921495
2018-02-06,1.4234312601320627
2018-02-07,1.1841538682359696
2018-02-08,1.0697284672573946
2018-02-09,0.8168648137941894
2018-02-10,0.9011237543289279
2018-02-11,0.7209672052353311
2018-02-12,1.0585044214611772
2018-02-13,0.8726859115155319
2018-02-14,1.011512855408835
2018-02-15,0.7783702537308091
2018-02-16,0.9539777983348752
2018-02-17,0.47682961288499576
2018-02-18,0.4269379269379269
2018-02-19,0.7401074431839932
2018-02-20,1.3617653430720187
2018-02-21,1.1175802584854986
2018-02-22,1.3658236549802816
2018-02-23,0.9101407292869585
2018-02-24,0.45019306356379757
2018-02-25,0.5394846990977583
2018-02-26,1.293274970155193
2018-02-27,1.1588737318680455
2018-02-28,1.0229554967434353
2018-03-01,1.0829700681634102
2018-03-02,0.7808967983231269
2018-03-03,0.620891161431702
2018-03-04,0.6662825037816034
2018-03-05,1.1485620886159826
2018-03-06,1.0459535283824868
2018-03-07,1.207329981476581
2018-03-08,1.0137217374379603
2018-03-09,0.9741202476513399
2018-03-10,1.1293236964377904
2018-03-11,1.1416280608868299
2018-03-12,1.0781947938594239
2018-03-13,1.4680694886224614
2018-03-14,1.2891753723049566
2018-03-15,1.114504352709913
2018-03-16,1.1961722488038278
2018-03-17,0.6306716653235697
2018-03-18,0.7707636199571379
2018-03-19,1.640997039770046
2018-03-20,1.4429459183869788
2018-03-21,1.164507285047543
2018-03-22,1.0904638046460908
2018-03-23,1.2689249009560526
2018-03-24,1.0939209251445539
2018-03-25,0.8606012983854371
2018-03-26,1.3004895960832312
2018-03-27,0.8180285511916282
2018-03-28,0.894530183331607
2018-03-29,1.0496576350330593
2018-03-30,0.9760094468074851
2018-03-31,0.47648643049513156
2018-04-01,0.6860769263753699
2018-04-02,1.300284437220642
2018-04-03,1.319148023422921
2018-04-04,1.1173957756506607
2018-04-05,1.403082801787189
2018-04-06,0.7041051463685244
2018-04-07,0.5928135696938405
2018-04-08,0.7165404651703235
2018-04-09,1.0885834807456798
2018-04-10,1.2183915166909312
2018-04-11,1.2386177799711635
2018-04-12,1.466400507090756
2018-04-13,1.022146507666099
2018-04-14,1.090579543185414
2018-04-15,0.658093662735891
2018-04-16,1.2916340229106231
2018-04-17,1.4988149993911064
2018-04-18,1.4071378636599925
2018-04-19,1.734636080430473
2018-04-20,1.4507969838694283
2018-04-21,1.0554939353823036
2018-04-22,0.9694800231183698
2018-04-23,1.7699506626252792
2018-04-24,1.1824111495556264
2018-04-25,1.12329301237479
2018-04-26,1.075259340213818
2018-04-27,1.0857656128159825
2018-04-28,0.8769468219447172
2018-04-29,0.7830404889228418
2018-04-30,1.0602228676819772
2018-05-01,1.2079904146451652
2018-05-02,1.1595745691990382
2018-05-03,0.9399745542241886
2018-05-04,0.9972475966332922
2018-05-05,0.476036331092789
2018-05-06,0.9926543577526307
2018-05-07,0.9205277692543725
2018-05-08,1.166122141241518
2018-05-09,1.205862045492118
2018-05-10,0.8525965876977019
2018-05-11,0.8604177123131921
2018-05-12,0.4271844660194175
2018-05-13,0.45356148850633954
2018-05-14,0.8900652324124282
2018-05-15,1.3133755837224816
2018-05-16,1.4550963253834577
2018-05-17,1.3104442405975625
2018-05-18,1.0378769278842936
2018-05-19,0.4482677652784597
2018-05-20,1.1054401768704283
2018-05-21,1.3455785334500372
2018-05-22,1.1250660115261866
2018-05-23,1.1298003315488823
2018-05-24,1.2544620091789902
2018-05-25,1.300979912392729
2018-05-26,0.564639454181861
2018-05-27,0.6129172306356463
2018-05-28,1.2440854951868168
2018-05-29,1.4461129259254477
2018-05-30,1.4564247122386658
2018-05-31,1.2479437290827615
2018-06-01,1.240239442145361
2018-06-02,1.2558628290232463
2018-06-03,0.6904885206283445
2018-06-04,1.5232499625987732
2018-06-05,1.828241520327159
2018-06-06,1.361969617600838
2018-06-07,0.9993640410647769
2018-06-08,1.416360814838535
2018-06-09,1.3330315148771348
2018-06-10,1.0437350440405273
2018-06-11,1.221051476237515
2018-06-12,0.9013068949977467
2018-06-13,1.1920677361853833
2018-06-14,1.1501059008403742
2018-06-15,1.3278894004641408
2018-06-16,0.7010437762891416
2018-06-17,0.6083851342415025
2018-06-18,1.394737547944103
2018-06-19,1.1015926216732488
2018-06-20,1.5929242971082296
2018-06-21,1.091297744276312
2018-06-22,1.1344156498941211
2018-06-23,0.6801297478288166
2018-06-24,0.7077140835102619
2018-06-25,1.4418719617697948
2018-06-26,1.2586377097729518
2018-06-27,1.6116417415211055
2018-06-28,1.0720411663807892
2018-06-29,1.1479692819254215
2018-06-30,0.7053142717630144
2018-07-01,0.5549976214387653
2018-07-02,0.9945150985474052
2018-07-03,1.49327302250058
2018-07-04,1.272313683155338
2018-07-05,1.7488266419539027
2018-07-06,1.3624182174778794
2018-07-07,0.9720463047512445
2018-07-08,0.6723573433115061
2018-07-09,1.1173360191363464
2018-07-10,1.2906269949207583
2018-07-11,1.2922306298625172
2018-07-12,1.4697969842915448
2018-07-13,1.1733318433881355
2018-07-14,1.0849056603773584
2018-07-15,0.9394678041844404
2018-07-16,1.3405359489269077
2018-07-17,1.3640873015873014
2018-07-18,1.2379301807378065
2018-07-19,2.2600591678411357
2018-07-20,1.2309724682499175
2018-07-21,0.8592255882923584
2018-07-22,0.7730447299674787
2018-07-23,1.1661567589073796
2018-07-24,1.2425122289361479
2018-07-25,1.3894930162872745
2018-07-26,1.3527102087722658
2018-07-27,1.2255547941595066
2018-07-28,0.9056197376150381
2018-07-29,0.7766114687977553
2018-07-30,1.2405516127170966
2018-07-31,1.7421361908053923
2018-08-01,1.6291996385641137
2018-08-02,1.689672203592503
2018-08-03,1.3398838767306833
2018-08-04,0.7901692051987684
2018-08-05,1.0503918769694849
2018-08-06,1.8235032715793988
2018-08-07,1.6289139181644785
2018-08-08,1.7445499460654406
2018-08-09,1.4033572623738328
2018-08-10,1.188056454152472
2018-08-11,1.1834970963036358
2018-08-12,1.0968821125949488
2018-08-13,1.6449155041045296
2018-08-14,1.48529557381919
2018-08-15,1.0655155455986012
2018-08-16,1.19988522836946
2018-08-17,1.3776081278879546
2018-08-18,0.6666666666666666
2018-08-19,1.0461978965915975
2018-08-20,2.0891257930229346
2018-08-21,2.150135552023932
2018-08-22,1.6116035455278002
2018-08-23,1.1009805608119732
2018-08-24,1.1971520383088652
2018-08-25,1.042777580282024
2018-08-26,1.3224332772301035
2018-08-27,1.3797992328822613
2018-08-28,1.3979162683999236
2018-08-29,1.8917724888702605
2018-08-30,1.6920667223066985
2018-08-31,1.2304862284975637
2018-09-01,0.7682851874615857
2018-09-02,1.0598442275460909
2018-09-03,1.3881877839475012
2018-09-04,1.53793790260567
2018-09-05,1.1110355304627804
2018-09-06,1.6709192313771537
2018-09-07,1.6095188134865754
2018-09-08,0.977864699084363
2018-09-09,1.1919224333554908
2018-09-10,2.585709035543655
2018-09-11,2.386769192664062
2018-09-12,2.140571318484904
2018-09-13,2.1239050265752297
2018-09-14,2.0563577610557475
2018-09-15,1.4080600772299618
2018-09-16,1.1848341232227488
2018-09-17,1.2790995139421848
2018-09-18,1.722209796466115
2018-09-19,1.3806618269273594
2018-09-20,1.3569397777203411
2018-09-21,1.1312086618263248
2018-09-22,0.5599224722730699
2018-09-23,1.1349191937534047
2018-09-24,1.619857257691277
2018-09-25,1.7322608762812663
2018-09-26,1.5407358054508735
2018-09-27,1.5280347601920958
2018-09-28,1.199014388172658
2018-09-29,1.0218502011088162
2018-09-30,1.0415891674726583
2018-10-01,1.3975322208817593
2018-10-02,1.26930153480681
2018-10-03,1.6480701988819848
2018-10-04,1.4962154550255238
2018-10-05,1.3006849478532732
2018-10-06,1.0068509641692385
2018-10-07,1.2798634812286689
2018-10-08,3.764790247400502
2018-10-09,3.168893456663241
2018-10-10,2.5726424560729306
2018-10-11,2.4616351542450112
2018-10-12,1.8733521439474536
2018-10-13,1.3672171705115128
2018-10-14,2.04100145137881
2018-10-15,2.4440018085613384
2018-10-16,2.2568243419485805
2018-10-17,2.0369437267493593
2018-10-18,2.086994727592267
2018-10-19,1.6428962594347485
2018-10-20,0.9098589718593618
2018-10-21,1.4400283574815012
2018-10-22,1.8283367145039697
2018-10-23,1.7486632814339038
2018-10-24,2.2487978776322337
2018-10-25,1.8182381685382811
2018-10-26,1.971414489896501
2018-10-27,0.7700431224148553
2018-10-28,0.8116527003904708
2018-10-29,2.1834878410919933
2018-10-30,2.041310590596132
2018-10-31,1.6494259779129847
2018-11-01,1.3918710415295477
2018-11-02,1.5877807967976028
2018-11-03,0.9614754277473068
2018-11-04,1.0107971513898462
2018-11-05,1.3973450444156104
2018-11-06,1.3678158008054915
2018-11-07,1.519369184531269
2018-11-08,1.7270182409246886
2018-11-09,1.4066360122460075
2018-11-10,0.9159186664224216
2018-11-11,1.381788033715628
2018-11-12,2.317383182820466
2018-11-13,1.9263991250419459
2018-11-14,2.2838054334117324
2018-11-15,1.8094501092498179
2018-11-16,1.4973825752584482
2018-11-17,0.8664699545688727
2018-11-18,0.9672092474640246
2018-11-19,1.9157858071085032
2018-11-20,1.8721650520813702
2018-11-21,1.9008981424780567
2018-11-22,2.654943539350056
2018-11-23,2.372948388372553
2018-11-24,2.00617691312726
2018-11-25,1.8653424415820121
2018-11-26,2.89683044356833
2018-11-27,3.506975553564572
2018-11-28,3.196697584857218
2018-11-29,2.6551095976854113
2018-11-30,3.1892406393314956
2018-12-01,1.8141735176594866
2018-12-02,2.3371804447871236
2018-12-03,3.8224379900114394
2018-12-04,3.303581081892772
2018-12-05,2.7662028862678625
2018-12-06,3.0754534546428864
2018-12-07,2.0995276062885853
2018-12-08,1.7278509540742224
2018-12-09,1.470246846707421
2018-12-10,3.0094882476697364
2018-12-11,2.3722178292262424
2018-12-12,2.1832983841124953
2018-12-13,2.4079980836873887
2018-12-14,2.3498410801119234
2018-12-15,2.0443925233644857
2018-12-16,2.8401332677917965
2018-12-17,2.0498548642906305
2018-12-18,2.503616334705686
2018-12-19,1.9742802666630608
2018-12-20,1.5946592429422815
2018-12-21,1.822361780868005
2018-12-22,0.9263417920503032
2018-12-23,0.7843137254901961
2018-12-24,0.9887593671940051
2018-12-25,1.098951417189432
2018-12-26,1.112319557049634
2018-12-27,1.654738758118562
2018-12-28,1.4847809948032664
2018-12-29,0.9207518415036829
2018-12-30,1.7660044150110374
2018-12-31,1.137198227866095
2019-01-01,1.3645667500568568
2019-01-02,1.6975735768982378
2019-01-03,1.7472335468841003
2019-01-04,1.343150740351161
2019-01-05,1.0250844187168353
2019-01-06,0.6041600736499899
2019-01-07,1.9611907457308224
2019-01-08,1.7732935870977604
2019-01-09,1.7650790148652749
2019-01-10,2.1547974356572133
2019-01-11,1.6523020586790513
2019-01-12,1.107637777832476
2019-01-13,0.8962463095740194
2019-01-14,1.476219708263907
2019-01-15,1.6391492286745362
2019-01-16,2.3510873779122843
2019-01-17,1.631544861256414
2019-01-18,2.0734091833654844
2019-01-19,0.936374549819928
2019-01-20,1.3228885660925505
2019-01-21,1.7071701144808193
2019-01-22,2.584084757980062
2019-01-23,2.003190265979152
2019-01-24,2.1674510775328213
2019-01-25,2.488218661639962
2019-01-26,1.3900610633967136
2019-01-27,1.1904145748149682
2019-01-28,1.7373892046291115
2019-01-29,2.1670344864261217
2019-01-30,2.271051818030487
2019-01-31,2.232839547669924
2019-02-01,2.048540414954345
2019-02-02,1.436166192143919
2019-02-03,0.8442056792018419
2019-02-04,2.1071293632109747
2019-02-05,1.8659451678684242
2019-02-06,2.822373726266403
2019-02-07,3.3183248010855486
2019-02-08,3.043001740700148
2019-02-09,1.5840015840015842
2019-02-10,2.219064003789862
2019-02-11,2.5105066785025727
2019-02-12,2.7927580893682586
2019-02-13,2.6525589825962657
2019-02-14,2.536469331779897
2019-02-15,2.628236566441569
2019-02-16,1.3710368466152527
2019-02-17,2.2343396728288334
2019-02-18,1.950422591561505
2019-02-19,2.2579998663905405
2019-02-20,2.764942521577761
2019-02-21,2.509577615052616
2019-02-22,2.1885781966115663
2019-02-23,1.422688131785848
2019-02-24,1.9175700552260175
2019-02-25,2.631282715146057
2019-02-26,2.1363648134241395
2019-02-27,2.439113626108272
2019-02-28,2.623394506303269
2019-03-01,3.086302634741143
2019-03-02,2.014474371409386
2019-03-03,1.7651553073214425
2019-03-04,2.4817811442015265
2019-03-05,2.472480502913055
2019-03-06,2.0769471379418203
2019-03-07,1.7411349256952278
2019-03-08,1.9347530007764469
2019-03-09,1.0209149605430163
2019-03-10,1.7707472553417543
2019-03-11,2.3992599872810314
2019-03-12,2.8827483196415233
2019-03-13,2.4587553347346964
2019-03-14,3.2246077126862542
2019-03-15,3.7931455055494574
2019-03-16,1.6992575551605147
2019-03-17,1.7673211277717948
2019-03-18,2.1111025502735186
2019-03-19,2.063856541468482
2019-03-20,2.6521750435528744
2019-03-21,2.4922455945495674
2019-03-22,2.4451881702069533
2019-03-23,1.2911555842479019
2019-03-24,1.601708489054992
2019-03-25,2.253325822247259
2019-03-26,3.4121986100308606
2019-03-27,2.9484029484029484
2019-03-28,2.6445126362797198
2019-03-29,2.182300458162527
2019-03-30,2.007226013649137
2019-03-31,1.8833278402937992
2019-04-01,1.7844301808400138
2019-04-02,2.3545773960569982
2019-04-03,2.383295587938864
2019-04-04,1.974437460569666
2019-04-05,1.7928112031894488
2019-04-06,1.2729950328233033
2019-04-07,1.5078554404397102
2019-04-08,1.786469200452754
2019-04-09,2.016154437429907
2019-04-10,2.6780031463534724
2019-04-11,2.251210786341843
2019-04-12,2.455097557824008
2019-04-13,1.3871374527112232
2019-04-14,1.4610675869713077
2019-04-15,2.9588817467605346
2019-04-16,2.844686311493151
2019-04-17,3.599634663944555
2019-04-18,3.5705430200843047
2019-04-19,2.0275382054773794
2019-04-20,1.3646144964047657
2019-04-21,1.8957859386848663
2019-04-22,4.792185052068933
2019-04-23,3.226354219731703
2019-04-24,2.4807903402854006
2019-04-25,2.970105245033683
2019-04-26,2.090309487569762
2019-04-27,1.4032352367959462
2019-04-28,2.5184037194885707
2019-04-29,4.200040595187909
2019-04-30,2.4870519460540486
2019-05-01,2.940301172549253
2019-05-02,3.1420866424206437
2019-05-03,3.420546512978715
2019-05-04,1.980549983495417
2019-05-05,2.331847859881853
2019-05-06,2.1263992466471238
2019-05-07,3.274255338892056
2019-05-08,3.457500504744599
2019-05-09,2.8351211369940352
2019-05-10,3.051214048458944
2019-05-11,1.6544117647058822
2019-05-12,1.98226395409494
2019-05-13,3.488956565447503
2019-05-14,2.7258726199724688
2019-05-15,2.9028128129397004
2019-05-16,2.7677556467157616
2019-05-17,2.968584630475748
2019-05-18,3.3292818263488875
2019-05-19,2.676314615651484
2019-05-20,2.5280733729202187
2019-05-21,2.574705469298588
2019-05-22,2.6254658084498863
2019-05-23,2.900741029641186
2019-05-24,2.600965333402347
2019-05-25,2.0214218208547727
2019-05-26,1.8392152681522551
2019-05-27,2.459190163239347
2019-05-28,2.679992183356132
2019-05-29,2.367869046546643
2019-05-30,2.3357190142516333
2019-05-31,1.920395654118328
2019-06-01,2.017079687745586
2019-06-02,1.8247210028031946
2019-06-03,3.088651841137829
2019-06-04,3.539751544435322
2019-06-05,3.867805307701145
2019-06-06,3.171793169580291
2019-06-07,2.776789866768801
2019-06-08,2.2910412387422974
2019-06-09,2.454292253812426
2019-06-10,2.498854075793645
2019-06-11,2.986302824378849
2019-06-12,3.151671015972669
2019-06-13,2.605174237148237
2019-06-14,2.659538744643984
2019-06-15,1.425689307330195
2019-06-16,1.4784151389710232
2019-06-17,2.3288795999104277
2019-06-18,3.0525030525030523
2019-06-19,3.2881790597585283
2019-06-20,2.9090455084587052
2019-06-21,2.7947502534454887
2019-06-22,1.9478189553539391
2019-06-23,1.7152658662092624
2019-06-24,3.4570623910354796
2019-06-25,3.827340871553805
2019-06-26,3.201930093675071
2019-06-27,3.7534138540403967
2019-06-28,3.6534692277538223
2019-06-29,1.6329196603527107
2019-06-30,2.4795204168105207
2019-07-01,3.1447658304313837
2019-07-02,2.221016581329897
2019-07-03,2.1263354423814955
2019-07-04,2.688536442094799
2019-07-05,2.28566763943593
2019-07-06,1.6262413065291859
2019-07-07,1.9327786149511892
2019-07-08,2.799488952352322
2019-07-09,3.335703884317112
2019-07-10,3.272750381291307
2019-07-11,2.9055313859540086
2019-07-12,2.1888729666314974
2019-07-13,1.9496796954786
2019-07-14,1.4019128321754573
2019-07-15,2.7651020373543234
2019-07-16,2.56107171000788
2019-07-17,2.641469562723582
2019-07-18,2.159704461494743
2019-07-19,1.824447597810663
2019-07-20,1.4540167211922936
2019-07-21,1.5463917525773194
2019-07-22,1.8354567048153747
2019-07-23,2.93040293040293
2019-07-24,3.0889223522143716
2019-07-25,3.042477668994032
2019-07-26,2.6026429940482196
2019-07-27,0.8966512026821567
2019-07-28,1.4953565244766254
2019-07-29,2.7757177667125754
2019-07-30,1.9973239737051331
2019-07-31,3.0539413294242883
2019-08-01,3.52253090522398
2019-08-02,2.8361618298609517
2019-08-03,1.7963160298371137
2019-08-04,1.1822427144292722
2019-08-05,2.451102996348357
2019-08-06,1.6869310586288115
2019-08-07,1.8277852136493817
2019-08-08,3.2912781130005486
2019-08-09,2.5072877490295586
2019-08-10,1.4088227524874526
2019-08-11,1.0904464772520748
2019-08-12,2.6959803802202007
2019-08-13,2.9873865899535295
2019-08-14,2.9612171206695974
2019-08-15,2.3646287235466454
2019-08-16,2.421422467002184
2019-08-17,2.1108663729809103
2019-08-18,1.857642651475278
2019-08-19,2.528488203235782
2019-08-20,2.255271499992115
2019-08-21,2.566923359002567
2019-08-22,4.239533651298357
2019-08-23,3.8282745419742956
2019-08-24,2.293099854075464
2019-08-25,2.137767220902613
2019-08-26,3.1916185322023902
2019-08-27,3.1340835647358762
2019-08-28,2.724511672224869
2019-08-29,2.949239843814904
2019-08-30,2.489010509155483
2019-08-31,1.6043209711489612
2019-09-01,1.5498297954778182
2019-09-02,2.4673188468530864
2019-09-03,3.347080270157193
2019-09-04,3.7518726219358602
2019-09-05,4.309898529716297
2019-09-06,3.1047865459249677
2019-09-07,2.0466949666464527
2019-09-08,1.5116155722923517
2019-09-09,2.9791459781529297
2019-09-10,3.854472852309911
2019-09-11,2.8639303154282696
2019-09-12,3.014173026357981
2019-09-13,2.8184296186519173
2019-09-14,2.3020378266670156
2019-09-15,3.3219002349636755
2019-09-16,3.751363792613849
2019-09-17,4.3763676148796495
2019-09-18,4.545214312139951
2019-09-19,6.011452854144534
2019-09-20,9.791733597798606
2019-09-21,6.022967583050031
2019-09-22,3.016830739917434
2019-09-23,7.43692686034281
2019-09-24,6.115141680859339
2019-09-25,5.704549757051808
2019-09-26,4.39495669109733
2019-09-27,4.300811010076186
2019-09-28,3.354913112992425
2019-09-29,2.561085346438707
2019-09-30,3.0271084337349397
2019-10-01,2.8219239624866623
2019-10-02,3.0389922309634096
2019-10-03,2.5297242600556538
2019-10-04,3.2216236448460704
2019-10-05,2.05761316872428
2019-10-06,1.7055457746478873
2019-10-07,2.9087308340940385
2019-10-08,2.798494211236594
2019-10-09,3.495267643247064
2019-10-10,3.0661587919064215
2019-10-11,4.252303330970943
2019-10-12,1.6198704103671706
2019-10-13,2.093456011578621
2019-10-14,2.754108338405356
2019-10-15,3.450159186881402
2019-10-16,2.727884208166214
2019-10-17,2.9198298156336033
2019-10-18,2.7671001335841443
2019-10-19,2.2034897127776785
2019-10-20,3.029084573113524
2019-10-21,2.9502625888168055
2019-10-22,3.2586831165347996
2019-10-23,3.4131026666492974
2019-10-24,3.1072579407702934
2019-10-25,2.9373412943517945
2019-10-26,1.6026076327583865
2019-10-27,1.4827018121911038
2019-10-28,2.436795613767895
2019-10-29,2.8344427743182306
2019-10-30,2.6437623344545536
2019-10-31,2.3545533823346205
2019-11-01,2.633495825628957
2019-11-02,2.3419806464896027
2019-11-03,1.5645517279915067
2019-11-04,3.0979990904956796
2019-11-05,3.7100184136943324
2019-11-06,3.2520530957773923
2019-11-07,2.980070776680946
2019-11-08,2.875749564768844
2019-11-09,2.19079864568811
2019-11-10,2.3510566837182867
2019-11-11,3.155830626876647
2019-11-12,3.7462017676522414
2019-11-13,3.4846296155503182
2019-11-14,3.2901029113585065
2019-11-15,3.341477910585749
2019-11-16,1.6735088774416234
2019-11-17,1.8878313537323999
2019-11-18,2.525177505124625
2019-11-19,3.701996094597527
2019-11-20,3.377333195833763
2019-11-21,3.7593516985547657
2019-11-22,2.5564268305605595
2019-11-23,2.2417385341667324
2019-11-24,2.664419129441831
2019-11-25,2.999756364965282
2019-11-26,2.7063599458728014
2019-11-27,3.0106663608211948
2019-11-28,3.828242165916805
2019-11-29,4.2772083207717815
2019-11-30,2.7658266748617084
2019-12-01,2.5718527945699434
2019-12-02,4.876886417791899
2019-12-03,3.8631503920171064
2019-12-04,3.5746201966041107
2019-12-05,3.757789724250448
2019-12-06,3.8019263093300606
2019-12-07,2.868521458211491
2019-12-08,2.1932323117238237
2019-12-09,4.679889210786031
2019-12-10,4.799629908055283
2019-12-11,4.47399054711715
2019-12-12,3.8684148358138435
2019-12-13,3.6275517697165514
2019-12-14,2.3648254116547935
2019-12-15,2.6041666666666665
2019-12-16,3.796934327098861
2019-12-17,3.2804198937463993
2019-12-18,2.717732813874576
2019-12-19,2.840362737991331
2019-12-20,2.9778807926688873
2019-12-21,2.0568771239492043
2019-12-22,1.9290743658168021
2019-12-23,2.102677270266894
2019-12-24,2.158273381294964
2019-12-25,1.1618900077459333
2019-12-26,1.6884886545411457
2019-12-27,2.6169364059046214
2019-12-28,1.210012856386599
2019-12-29,1.9168839135101978
2019-12-30,2.0340953118946143
2019-12-31,3.247790437653072
2020-01-01,1.849249204822842
2020-01-02,2.8269840184209922
2020-01-03,2.7906250609839396
2020-01-04,1.6415307274033035
2020-01-05,3.1061031622773685
2020-01-06,4.103459160369125
2020-01-07,3.503926814533529
2020-01-08,3.2644693266046363
2020-01-09,3.658011763018218
2020-01-10,3.8909323038574946
2020-01-11,2.8551245069759226
2020-01-12,2.3289143676101753
2020-01-13,3.610046242973303
2020-01-14,4.733837657214461
2020-01-15,4.022093187933721
2020-01-16,3.4224906528616628
2020-01-17,3.495733149244305
2020-01-18,2.2968705139247776
2020-01-19,2.6830852656254414
2020-01-20,3.6979851699357615
2020-01-21,4.312897690169935
2020-01-22,4.168494953927161
2020-01-23,3.7180270031888187
2020-01-24,3.115489463587717
2020-01-25,1.873561372517531
2020-01-26,1.5377011368004834
2020-01-27,3.1452035645640395
2020-01-28,2.6492305957950513
2020-01-29,2.9336933381795522
2020-01-30,2.8891998341625205
2020-01-31,2.708291641651658
2020-02-01,2.1904131221027967
2020-02-02,2.1267313774675536
2020-02-03,3.7080282756879575
2020-02-04,3.0750567757042306
2020-02-05,3.407605034802478
2020-02-06,3.5334787544806296
2020-02-07,3.505024781620526
2020-02-08,2.809214222650293
2020-02-09,2.079400257188979
2020-02-10,4.146179811649378
2020-02-11,3.135315810555103
2020-02-12,3.3205080904443154
2020-02-13,2.8526357302484557
2020-02-14,2.770862342996188
2020-02-15,2.404962969036102
2020-02-16,1.9342918182343092
2020-02-17,2.9181036116269374
2020-02-18,3.0692384076068966
2020-02-19,3.2547528517110265
2020-02-20,3.0364884697785053
2020-02-21,3.0669487741910437
2020-02-22,1.5867418899858956
2020-02-23,1.751824817518248
2020-02-24,3.827396752885981
2020-02-25,2.6658332107662894
2020-02-26,2.689204763734153
2020-02-27,3.1995346131471782
2020-02-28,2.422697988263374
2020-02-29,1.4898688915375446
2020-03-01,1.9461448639467818
2020-03-02,2.865916069600819
2020-03-03,2.9848236431664357
2020-03-04,3.107836046988917
2020-03-05,2.239501218288663
2020-03-06,2.475593443670267
2020-03-07,2.1621621621621623
2020-03-08,2.134628832210813
2020-03-09,2.570098379995365
2020-03-10,2.905892285641358
2020-03-11,2.1576002902258797
2020-03-12,1.8487973754327456
2020-03-13,1.36
2020-03-14,1.2858118696508216
2020-03-15,1.0105546822366944
2020-03-16,1.8688056442130019
2020-03-17,1.39005814750279
2020-03-18,1.2218870518156477
2020-03-19,1.0122975404919015
2020-03-20,1.195957663098726
2020-03-21,0.8757567680767621
2020-03-22,0.7693787266782073
2020-03-23,0.9919404835709857
2020-03-24,0.790379946931632
2020-03-25,0.9479906316219935
2020-03-26,0.9892419933226165
2020-03-27,0.8160410352063419
2020-03-28,0.7462358983363329
2020-03-29,1.132001181218624
2020-03-30,1.137543894356793
2020-03-31,1.421083284799068
2020-04-01,1.2517265193370166
2020-04-02,1.5151515151515151
2020-04-03,1.257370794311481
2020-04-04,0.3865149237706678
2020-04-05,0.6980802792321117
2020-04-06,1.166768316936703
2020-04-07,1.0729613733905579
2020-04-08,1.2217470983506415
2020-04-09,1.0472178911358823
2020-04-10,0.7130023101274848
2020-04-11,0.8659258190215039
2020-04-12,0.6085809919870169
2020-04-13,0.9070052819719362
2020-04-14,0.9406690221630798
2020-04-15,1.499445856965904
2020-04-16,1.5518311607697084
2020-04-17,3.472222222222222
